University of California-Los Angeles,72676,15981,5620
University of California-Berkeley,61717,11108,4162
University of California-San Diego,60832,22812,4575
New York University,57845,15066,5207
University of California-Irvine,56515,23956,5077
University of California-Santa Barbara,55258,24556,4741
California State University-Long Beach,55019,16956,4276
St John's University-New York,51634,27449,2792
San Diego State University,51163,15970,4139
University of California-Davis,49820,22526,5208
Liberty University,48054,10405,4690
Pennsylvania State University-Main Campus,47552,25772,7649
Northeastern University,47364,15301,2891
University of Southern California,47358,9395,2922
University of Michigan-Ann Arbor,46813,15570,6200
Boston University,44006,20071,3877
Drexel University,43945,35815,3040
University of Minnesota-Twin Cities,43048,19121,5544
Cornell University,39999,6222,3223
California State University-Fullerton,38909,17817,4526
Stanford University,38828,2208,1677
The University of Texas at Austin,38161,15335,7249
Indiana University-Bloomington,37826,27300,7604
California Polytechnic State University-San Luis Obispo,36941,11537,3635
Fordham University,36189,17055,1967
University of Massachusetts-Amherst,36012,22665,4672
Harvard University,35023,2047,1659
Northern Arizona University,33989,31057,4772
University of Illinois at Urbana-Champaign,33203,20716,7329
University of California-Santa Cruz,33137,19851,3827
Northwestern University,32060,4912,2037
Columbia University in the City of New York,31851,2362,1415
University of Central Florida,31820,15572,6068
Michigan State University,31479,21610,8061
San Francisco State University,31462,20070,3807
Texas A & M University-College Station,31387,21803,10241
Ohio State University-Main Campus,31359,17413,7130
University of Pennsylvania,31282,3830,2421
Vanderbilt University,31099,3963,1613
Purdue University-Main Campus,31083,18779,6422
The University of Alabama,30975,17515,6454
CUNY Hunter College,30758,9140,1971
Rutgers University-New Brunswick,30631,18230,6337
University of California-Riverside,30391,18843,4034
Duke University,30374,4077,1714
University of Chicago,30304,2670,1426
Stony Brook University,30300,11963,2709
University of Washington-Seattle Campus,30199,16679,6253
Tulane University of Louisiana,30122,7961,1609
Washington University in St Louis,30117,4684,1610
Florida State University,29579,16803,6048
California State University-Northridge,29339,13566,4149
Baylor University,29249,16809,3190
University of Virginia-Main Campus,28984,8691,3520
Yale University,28977,2043,1356
Brown University,28919,2654,1543
University of Miami,28907,11691,2140
University of South Florida-Main Campus,28512,12900,3904
University of North Carolina at Chapel Hill,28437,7847,3915
Syracuse University,28269,13990,3487
SUNY at Binghamton,28232,12104,2664
California State Polytechnic University-Pomona,28143,14686,3120
University of Connecticut,27479,14745,3755
California State University-Los Angeles,27321,18448,2908
University of Florida,27107,12618,6373
Princeton University,26499,1963,1285
University of Arizona,26329,20251,7401
University of Maryland-College Park,26247,12333,4020
Northern Illinois University,25914,14545,2679
University of Delaware,25458,16467,4224
San Jose State University,25155,15967,3384
Florida Atlantic University,24889,11880,3479
University of Pittsburgh-Pittsburgh Campus,24871,13959,3678
Boston College,24538,7905,2215
Marquette University,23432,13462,1990
University of South Carolina-Columbia,23429,14199,4625
University of Wisconsin-Madison,23324,15841,6279
Dartmouth College,23110,2260,1098
University at Buffalo,23093,13053,3669
Hofstra University,22733,13346,1488
James Madison University,22648,14394,4325
Miami University-Oxford,22520,15034,3644
University of Colorado Boulder,22473,19710,5846
University of Vermont,22381,17357,2495
CUNY City College,22171,7560,1397
Arizona State University-Tempe,21770,17465,7171
George Washington University,21756,7197,2387
University of Iowa,21642,17363,4460
Johns Hopkins University,21336,3869,1390
University of Oregon,21263,15770,4031
SUNY at Albany,21178,11744,2568
University of Missouri-Columbia,20956,16473,6194
George Mason University,20805,12905,3011
Ohio University-Main Campus,20765,15149,4244
North Carolina State University at Raleigh,20700,10353,4398
Quinnipiac University,20699,13914,1803
Georgetown University,20115,3413,1570
DePaul University,19957,11948,2425
CUNY Bernard M Baruch College,19863,4931,1185
CUNY Brooklyn College,19843,6346,1148
University of Rhode Island,19824,15603,2993
University of Kentucky,19810,13592,4702
California State University-Sacramento,19702,13728,3151
Central Michigan University,19262,12143,2963
Texas Tech University,19170,12709,4785
Virginia Polytechnic Institute and State University,19112,13432,5364
CUNY Queens College,19032,7045,1449
Massachusetts Institute of Technology,18989,1548,1115
Texas State University,18939,14219,5181
University of Arkansas,18908,11076,4339
Carnegie Mellon University,18884,4813,1442
Temple University,18813,12016,4390
Texas Christian University,18551,8791,1936
Clemson University,18500,10706,3463
University of Georgia,18458,10352,4936
Tufts University,18419,3471,1314
Case Western Reserve University,18418,7713,1252
University of North Texas,18299,10922,4617
Grand Valley State University,18122,14969,4078
Colorado State University-Fort Collins,17970,13914,4443
University of New Hampshire-Main Campus,17938,13963,2869
Towson University,17750,10710,2748
University of Notre Dame,17647,3936,2070
American University,17545,7566,1627
Emory University,17475,4602,1363
University of Houston,17407,10167,3434
University of Rochester,17244,6153,1472
California State University-Chico,17215,12327,2714
Ball State University,17118,10364,3616
CUNY New York City College of Technology,16870,12957,2861
Florida International University,16549,7122,2990
Iowa State University,16539,13648,5366
West Virginia University,16521,14060,5135
Rochester Institute of Technology,16354,9839,2784
California State University-Fresno,16242,9444,3139
Louisiana State University and Agricultural & Mechanical College,16169,12326,5725
Rensselaer Polytechnic Institute,16150,6654,1411
University of Cincinnati-Main Campus,16002,11721,4486
Kent State University at Kent,15970,13259,4111
Auburn University,15745,13027,3726
University of Dayton,15719,8327,1761
Bowling Green State University-Main Campus,15689,11370,3348
Ithaca College,15658,10429,1789
East Carolina University,15535,9658,4015
CUNY Lehman College,15518,3612,551
Rice University,15415,2581,978
Illinois State University,15354,10582,2981
The University of Tampa,15345,8011,1592
Hampton University,15337,5529,1004
The University of Texas at San Antonio,15239,11165,4493
Western Carolina University,15231,5736,1558
University of Hartford,15127,9338,1267
Villanova University,14966,7319,1659
Washington State University,14887,12219,4163
University of San Francisco,14808,9076,1148
California State University-Dominguez Hills,14742,8472,1214
University of San Diego,14693,7178,1238
Georgia Institute of Technology-Main Campus,14645,8045,3044
Western Michigan University,14621,12113,3190
University of Illinois at Chicago,14603,10427,3104
The University of Tennessee-Knoxville,14396,10435,4276
Loyola University Chicago,14355,13121,2512
Santa Clara University,14339,7344,1278
University of Mississippi,14258,8464,3582
University of the Pacific,14222,10332,958
Virginia Commonwealth University,14156,9786,3525
College of William and Mary,14046,4665,1479
Georgia State University,13890,7592,3460
CUNY John Jay College of Criminal Justice,13753,4683,1908
University of North Carolina at Charlotte,13742,9416,3541
University of Denver,13735,10539,1413
Loyola University Maryland,13604,7891,1096
West Chester University of Pennsylvania,13424,6922,2298
Saint Louis University,13389,8626,1638
CUNY York College,13319,4675,1111
Rutgers University-Newark,13282,7173,1057
Sonoma State University,13142,10758,1749
Montclair State University,13012,8500,3040
State University of New York at New Paltz,12892,5620,1119
Pace University-New York,12885,9900,1848
California State University-East Bay,12741,8756,1572
Lehigh University,12589,3882,1198
Montana State University,12581,10630,2914
California State University-Monterey Bay,12562,5577,902
Oregon State University,12414,9799,3516
University of Kansas,12389,11433,3771
Johnson & Wales University-Providence,12364,9399,2093
The University of West Florida,12347,5937,1333
Appalachian State University,12248,7744,3028
California State University-San Bernardino,12239,7137,2448
Indiana University-Purdue University-Indianapolis,12230,8510,3796
Southern Methodist University,12080,6125,1431
Oakland University,12019,7933,2569
Eastern Michigan University,11929,7632,2636
Chapman University,11750,5253,1289
Campbell University,11714,8180,788
Howard University,11687,5762,1394
Colorado School of Mines,11682,4373,949
Southern Illinois University-Carbondale,11634,9176,2612
Wayne State University,11524,8786,2167
SUNY College at Cortland,11518,5394,1207
College of Charleston,11509,8092,2138
Loyola Marymount University,11472,6209,1341
University of New Mexico-Main Campus,11467,7405,3424
Brigham Young University-Provo,11423,5645,4427
Stephen F Austin State University,11383,6474,2253
University of Utah,11354,9281,3124
Buffalo State SUNY,11256,5463,1324
Mississippi State University,11191,7254,3156
University of North Carolina Wilmington,11184,6061,2053
The College of New Jersey,11145,4805,1404
Wake Forest University,11121,3915,1232
University of Toledo,11066,10040,3428
Oklahoma State University-Main Campus,11064,8411,3872
Indiana State University,11019,9152,2661
Coastal Carolina University,10993,8139,2206
University of Oklahoma-Norman Campus,10991,8841,4052
University of Nebraska-Lincoln,10929,6999,4420
Xavier University,10907,7632,1289
Florida Gulf Coast University,10804,7108,2761
Prairie View A & M University,10747,4548,1464
Seton Hall University,10735,8498,1342
Ferris State University,10718,8135,2006
The University of Texas at Arlington,10679,6405,2713
University of North Florida,10635,5682,1615
University of Akron Main Campus,10575,10204,3812
Western Illinois University,10554,6260,1652
Georgia Southern University,10525,5473,3604
Saint Xavier University,10513,5313,594
Stetson University,10509,6227,852
University of Central Oklahoma,10432,8761,2223
Marist College,10351,3876,1149
SUNY College at Oswego,10351,5034,1508
SUNY Oneonta,10261,5205,1119
Alabama State University,10245,5251,1479
California State University-San Marcos,10208,6381,1783
Old Dominion University,10201,7833,2943
Abilene Christian University,10188,4986,1030
University of New Haven,10169,7567,1174
University of North Carolina at Greensboro,10112,6069,2516
Wesleyan University,10046,2102,752
Tuskegee University,10022,3519,650
Humboldt State University,9978,8000,1237
Elon University,9949,5370,1474
Minnesota State University-Mankato,9938,6514,2456
York College Pennsylvania,9934,7302,1064
Eastern Kentucky University,9932,5961,2306
Middle Tennessee State University,9845,6888,3276
Kansas State University,9839,9437,3821
University of Richmond,9825,3061,805
College of Staten Island CUNY,9785,9761,2556
University of Maryland-Baltimore County,9755,6160,1657
Texas Southern University,9746,4389,1110
Pepperdine University,9721,3630,784
Providence College,9660,5776,1027
Arcadia University,9608,5735,597
Western Washington University,9526,7974,2795
University of Portland,9523,6361,835
Brandeis University,9496,3517,833
Kennesaw State University,9471,5355,3194
Indiana University of Pennsylvania-Main Campus,9367,8476,2741
Butler University,9357,6185,1015
Sam Houston State University,9315,6054,2413
The University of Texas-Pan American,9313,5790,3102
Suffolk University,9275,7652,1188
Fairfield University,9254,6585,990
Bloomsburg University of Pennsylvania,9248,8190,2218
University of Louisville,9166,6519,2857
SUNY College at Geneseo,9164,4184,997
University of Massachusetts-Lowell,9126,5838,1648
University of Scranton,9087,6818,881
Utah State University,9052,8757,3824
Roger Williams University,9021,7305,1104
Bradley University,8969,6004,1085
University of Wisconsin-Milwaukee,8944,7699,3492
William Paterson University of New Jersey,8935,6086,1294
Salisbury University,8912,4896,1246
North Carolina Central University,8886,4472,1407
Delaware State University,8884,3703,1036
Middlebury College,8847,1518,598
The University of Texas at Dallas,8750,5125,2233
Adelphi University,8654,5897,918
Worcester Polytechnic Institute,8578,4425,1103
SUNY College at Brockport,8570,4091,1085
Western Kentucky University,8526,7871,3375
University of Louisiana at Lafayette,8506,5044,2693
SUNY at Purchase College,8405,2790,775
Colgate University,8374,2209,759
Southern Utah University,8318,4749,1272
University of Maine,8306,6733,1997
Rowan University,8287,4908,1420
Skidmore College,8285,2904,660
Albany State University,8250,1643,501
Emerson College,8198,3933,863
SUNY College at Plattsburgh,8193,3739,954
University of Massachusetts-Boston,8170,5834,1413
Willamette University,8109,4690,545
Siena College,8082,5500,734
Rider University,8078,5806,911
University of Massachusetts-Dartmouth,8063,5816,1443
Columbia College-Chicago,8005,7247,2161
Bucknell University,7947,2345,933
Amherst College,7927,1132,466
Eastern Illinois University,7881,4879,1333
University of Nevada-Reno,7857,6597,2994
Barry University,7845,3670,576
Boise State University,7832,6082,2205
Saint Joseph's University,7831,6165,1275
Florida Institute of Technology,7820,4727,783
Kutztown University of Pennsylvania,7785,6367,1815
Sacred Heart University,7781,5932,865
Radford University,7774,6088,1986
High Point University,7663,4918,1257
Southeastern Louisiana University,7657,3430,2565
Trinity College,7652,2432,604
Southern Illinois University-Edwardsville,7646,6437,1966
The University of Tennessee-Chattanooga,7628,5917,2342
University of Northern Colorado,7602,5289,1939
Vassar College,7597,1832,666
CUNY Medgar Evers College,7563,6913,1045
Bentley University,7493,3281,974
Missouri State University-Springfield,7482,6367,2751
University of Idaho,7455,4894,1643
Oberlin College,7438,2262,781
Rutgers University-Camden,7437,4357,497
Bethune-Cookman University,7429,4948,1022
University of Nevada-Las Vegas,7343,6250,3773
University of Tulsa,7304,2965,856
Manhattan College,7268,4809,757
University of West Georgia,7266,3913,2214
Winona State University,7212,4381,1650
Washington & Jefferson College,7176,2851,326
Carthage College,7174,5035,726
Seattle University,7160,5243,976
Pomona College,7153,996,397
Central State University,7142,2377,420
College of the Holy Cross,7115,2346,722
Texas A & M University-Corpus Christi,7091,6565,2051
University of Minnesota-Duluth,7074,5533,2054
Williams College,7069,1203,547
Northern Kentucky University,7064,3299,2107
Bowdoin College,7052,1054,497
Carleton College,7045,1476,527
University of Colorado Colorado Springs,7034,6401,1616
Christopher Newport University,7016,4141,1276
Gonzaga University,6991,4650,1096
University of La Verne,6989,2722,623
University of Wisconsin-La Crosse,6982,5027,1897
California State University-Channel Islands,6960,4484,756
California Lutheran University,6920,3323,540
University of Hawaii at Manoa,6901,5527,1981
Duquesne University,6793,5033,1547
Curry College,6780,4537,643
Cleveland State University,6768,4255,1727
Lafayette College,6766,2310,635
Clarkson University,6747,4320,757
Northern Michigan University,6743,4931,1680
Brigham Young University-Idaho,6690,6665,3448
Macalester College,6683,2283,555
California State University-Bakersfield,6630,4393,1328
Emmanuel College,6623,4006,515
Swarthmore College,6615,947,388
University of Wisconsin-Eau Claire,6610,5054,2073
Spring Hill College,6596,3052,431
Oklahoma Baptist University,6560,3704,580
Stonehill College,6548,4643,610
Mercy College,6546,3747,833
Texas A & M University-Kingsville,6488,5716,1255
Colorado Mesa University,6459,5304,2214
Lewis & Clark College,6458,4059,473
Kentucky State University,6399,2415,506
Merrimack College,6314,4963,794
Catholic University of America,6298,3783,837
Ramapo College of New Jersey,6297,3480,901
The University of Texas at El Paso,6240,6228,3033
Mississippi Valley State University,6229,1415,493
Tarleton State University,6223,3536,1617
Washington and Lee University,6222,1147,480
Shaw University,6207,3382,507
University of Southern Indiana,6204,4302,1709
Wentworth Institute of Technology,6146,3541,900
Saint Peter's University,6145,3323,610
Keene State College,6144,5029,1258
Alabama A & M University,6142,5521,1104
The Richard Stockton College of New Jersey,6126,3805,1069
Valparaiso University,6124,4880,876
University of Southern Mississippi,6120,4058,1746
Spelman College,6081,2312,523
Occidental College,6072,2574,548
Albright College,6060,3776,655
Saginaw Valley State University,6057,4764,1593
Bryant University,6013,4603,890
LIU Post,6001,4841,659
University of Memphis,5990,4098,2134
Western New England University,5988,4881,697
Coppin State University,5980,2123,446
Furman University,5953,3808,759
Shippensburg University of Pennsylvania,5949,4962,1520
Troy University,5946,4056,2087
Drake University,5930,3911,850
Le Moyne College,5924,3667,622
Bridgewater State University,5920,4653,1476
Iona College,5911,5445,922
SUNY at Fredonia,5883,3032,1007
Clark Atlanta University,5873,3336,781
Houston Baptist University,5872,4297,1135
Metropolitan State University of Denver,5867,4175,1991
Augustana College,5831,3421,627
Dickinson College,5826,2589,625
North Dakota State University-Main Campus,5812,4888,2553
Colorado College,5780,1288,522
California State University-Stanislaus,5763,4158,1109
SUNY College of Technology at Alfred,5761,3165,1101
Portland State University,5751,3518,1465
Virginia State University,5729,5419,1244
Union College,5725,2134,559
New England College,5723,5149,388
University of Wisconsin-Whitewater,5704,4830,2168
Valdosta State University,5701,3148,1734
Pennsylvania State University-Penn State Altoona,5700,4856,1379
LIU Brooklyn,5695,4949,879
Lynchburg College,5695,3627,512
University of Alabama at Birmingham,5689,4934,1773
Robert Morris University,5689,4580,998
Northwest Missouri State University,5680,4113,1260
Saint Cloud State University,5638,4900,1703
East Stroudsburg University of Pennsylvania,5621,4409,1210
Barnard College,5606,1151,580
The College of Wooster,5583,3145,560
Central Connecticut State University,5551,3560,1293
Clark University,5551,3416,621
La Salle University,5547,4449,939
University of St Thomas,5540,4774,1368
University of Mary Hardin-Baylor,5540,4691,675
Monmouth University,5537,4314,906
California Institute of Technology,5535,584,249
Claremont McKenna College,5518,647,337
Gardner-Webb University,5481,2640,435
Slippery Rock University of Pennsylvania,5475,3667,1409
Bard College,5466,2056,489
Widener University-Main Campus,5461,3673,828
Millersville University of Pennsylvania,5455,3920,1299
Gettysburg College,5453,2270,703
Framingham State University,5433,2807,826
New York Institute of Technology,5433,4024,841
Lewis University,5432,3035,694
Colby College,5407,1408,483
University of North Dakota,5404,3983,2360
Farmingdale State College,5401,2843,1190
Bridgewater College,5401,2967,536
Flagler College-St Augustine,5396,2691,708
Philadelphia University,5396,3458,550
Hartwick College,5392,4542,528
New Mexico State University-Main Campus,5365,4571,1918
Northeastern Illinois University,5350,3200,808
Creighton University,5336,4090,966
Azusa Pacific University,5329,4255,1250
Jackson State University,5325,3442,1103
Wingate University,5323,4221,642
Stevenson University,5318,3169,752
University of Indianapolis,5313,4486,830
Wittenberg University,5274,4711,549
University of Bridgeport,5248,3351,542
Bates College,5243,1267,500
Morehead State University,5230,4419,1649
Tiffin University,5228,2016,1313
Chicago State University,5219,1495,276
Eastern Washington University,5204,4146,1579
Fairleigh Dickinson University-Metropolitan Campus,5193,3812,760
Franklin and Marshall College,5174,2034,599
Seattle Pacific University,5165,3726,767
Winston-Salem State University,5164,2874,685
Muhlenberg College,5152,2378,579
St Mary's University,5147,2997,596
Westfield State University,5137,3846,1288
Plymouth State University,5120,3967,930
University of Wisconsin-Oshkosh,5117,4162,1841
Eastern Connecticut State University,5112,3299,985
Belmont University,5111,4082,1248
DePauw University,5086,3113,641
Louisiana Tech University,5077,3424,1552
Salve Regina University,5070,3400,465
Champlain College,5047,3573,594
Florida Agricultural and Mechanical University,5029,2263,1145
Johnson & Wales University-North Miami,5029,3267,499
Hamilton College,5017,1364,491
The New School,4978,3315,1038
Stevens Institute of Technology,4977,1899,622
Tennessee Technological University,4973,4633,2176
Florida Southern College,4963,2476,635
Florida Memorial University,4960,2063,432
University of Nebraska at Omaha,4955,3507,1889
Kean University,4952,3980,1525
Mount St Mary's University,4943,3332,429
Newbury College,4915,2926,270
University of Michigan-Dearborn,4908,3084,954
Alderson Broaddus University,4892,2114,438
Southern Connecticut State University,4870,3673,1380
Saint Mary's College of California,4864,3379,622
Salem State University,4855,3364,1095
South Dakota State University,4851,4458,2306
SUNY College of Technology at Delhi,4846,2843,935
Arkansas State University-Main Campus,4838,3653,1619
Connecticut College,4837,1734,503
Loyola University New Orleans,4827,4203,624
The University of Montana,4820,4542,1967
Biola University,4816,3509,903
University of South Alabama,4814,4142,1878
Gustavus Adolphus College,4804,3037,610
Morgan State University,4801,2764,899
Lamar University,4788,3678,1451
Washington College,4786,3185,350
Texas A & M International University,4784,2289,828
Johnson C Smith University,4777,1752,232
Denison University,4770,2193,582
Wellesley College,4765,1387,595
SUNY College at Potsdam,4764,3257,821
Lenoir-Rhyne University,4762,3241,310
Davidson College,4745,1215,483
Rollins College,4729,2785,477
Dillard University,4726,1675,229
East Tennessee State University,4721,4083,1881
Xavier University of Louisiana,4703,2560,675
Adrian College,4675,2631,496
University of Redlands,4668,3137,673
Assumption College,4659,3458,502
The College of Saint Rose,4651,3605,621
West Texas A & M University,4632,3429,1308
Keiser University-Ft Lauderdale,4620,4311,3658
University of Central Missouri,4611,3727,1769
Lane College,4589,2256,405
University of Puget Sound,4588,3910,670
Murray State University,4576,3760,1626
Grambling State University,4545,1983,714
Johnson & Wales University-Charlotte,4543,2708,613
Michigan Technological University,4520,3462,1153
Allegheny College,4512,2927,604
Central Washington University,4507,3703,1502
Trinity University,4505,2880,534
South Carolina State University,4499,2285,569
University of Mary Washington,4496,3640,947
Rhode Island College,4492,3106,1071
North Carolina A & T State University,4480,3120,1849
Truman State University,4462,3221,1329
Fashion Institute of Technology,4449,1995,1233
Southern New Hampshire University,4432,3486,830
University of Wisconsin-Stevens Point,4432,3672,1637
Texas Woman's University,4431,3812,1161
Saint Michael's College,4431,3328,512
Albion College,4430,2498,346
St Lawrence University,4424,2054,631
Oglethorpe University,4403,2455,282
Smith College,4403,1897,643
Southeast Missouri State University,4388,3750,1729
Hobart William Smith Colleges,4385,2168,643
Whittier College,4381,2771,446
University of Missouri-Kansas City,4367,1441,1078
Claflin University,4354,2290,435
New Jersey Institute of Technology,4344,2844,1029
Nova Southeastern University,4328,2487,673
Canisius College,4322,3134,682
Virginia Union University,4306,2518,404
Winthrop University,4285,3096,1096
Simmons College,4239,2076,339
Texas A & M University-Commerce,4236,2888,943
University of New England,4231,3632,633
Baldwin Wallace University,4220,2699,762
Hawaii Pacific University,4207,2697,591
New Jersey City University,4183,1727,649
University of Wyoming,4181,4001,1584
Marietta College,4168,2662,385
Roanoke College,4167,3034,542
Hope College,4161,3018,822
Bellarmine University,4160,3943,676
Worcester State University,4149,2515,780
Marymount Manhattan College,4147,3095,399
Stillman College,4121,1772,257
Pitzer College,4115,597,261
Menlo College,4100,1519,139
University of Arkansas at Pine Bluff,4094,1134,568
North Central College,4082,2598,529
Robert Morris University Illinois,4080,857,719
Methodist University,4079,2497,452
Fort Valley State University,4076,1334,624
Embry-Riddle Aeronautical University-Daytona Beach,4074,3017,944
University of Maryland Eastern Shore,4073,2241,610
University of the Incarnate Word,4072,3790,1045
University of Northern Iowa,4068,3389,1722
Longwood University,4055,3299,1111
Kenyon College,4054,1556,483
Georgia College and State University,4051,2754,1392
Morrisville State College,4049,2388,858
Whitworth University,4044,2609,593
Ohio Wesleyan University,4029,3035,541
Saint John Fisher College,4016,2521,521
St Olaf College,4011,2374,752
Fayetteville State University,4010,2204,612
Gordon College,4009,1657,481
Calvin College,4003,2792,1006
Bowie State University,3986,2063,627
Gannon University,3983,3203,622
Grinnell College,3979,1395,423
North Park University,3961,2073,373
Francis Marion University,3951,2239,744
Ursinus College,3947,2618,425
Wheaton College,3944,2657,466
Becker College,3936,2462,361
Manhattanville College,3930,3016,476
Elizabeth City State University,3925,2243,527
Carson-Newman University,3916,2607,481
Eckerd College,3912,2779,534
Millikin University,3906,2153,451
University of Arkansas-Fort Smith,3905,2240,1343
University of Southern Maine,3902,3231,868
Berry College,3901,2353,672
Frostburg State University,3872,2302,895
Mercer University,3864,2666,728
California Baptist University,3853,3036,993
Arkansas Tech University,3847,3271,1755
Nazareth College,3838,2625,423
Saint Anselm College,3829,2820,508
Elizabethtown College,3815,2654,530
Lebanon Valley College,3793,2536,415
Our Lady of the Lake University,3789,2486,341
Virginia Wesleyan College,3788,3527,453
Wilmington College,3780,1740,275
Lock Haven University,3744,3286,1052
Mount Holyoke College,3732,1747,527
Morningside College,3721,1986,367
Southern University and A & M College,3721,1336,781
John Carroll University,3721,3101,793
Olivet Nazarene University,3719,3048,753
Niagara University,3716,2465,700
Chowan University,3708,2282,474
Indiana University-Purdue University-Fort Wayne,3702,3076,1660
Saint Edward's University,3694,2901,791
Concordia University-Chicago,3692,2009,376
Utica College,3689,3151,489
Lake Forest College,3684,2110,403
Endicott College,3675,2633,629
University of Detroit Mercy,3670,2256,481
University of Central Arkansas,3659,3292,2157
Alice Lloyd College,3656,1646,189
Fairleigh Dickinson University-College at Florham,3647,2835,586
Capital University,3640,2768,691
Charleston Southern University,3640,2507,656
The University of Tennessee-Martin,3640,2791,1308
McNeese State University,3624,2229,1313
Goucher College,3615,2593,410
Western Connecticut State University,3613,2366,797
Bemidji State University,3606,2408,838
University of South Dakota,3606,3169,1342
Haverford College,3585,842,330
Lasell College,3584,2729,485
Brescia University,3582,1612,150
Minnesota State University-Moorhead,3562,3174,989
Illinois Wesleyan University,3556,2076,529
Rhodes College,3555,2049,545
Mount Saint Mary College,3551,3054,449
Franklin Pierce University,3546,3004,538
Southwestern University,3546,1850,491
Harvey Mudd College,3539,643,217
Fitchburg State University,3528,2544,759
Benedictine College,3515,2129,494
Dominican University,3502,2100,497
Jacksonville University,3498,1657,528
Wichita State University,3492,3344,1412
Luther College,3490,2517,628
La Sierra University,3479,1627,477
Lipscomb University,3467,1827,684
University of Louisiana at Monroe,3454,2668,1325
Grace College and Theological Seminary,3450,2720,347
Samford University,3447,2653,765
Polytechnic Institute of New York University,3444,2591,451
Pacific Lutheran University,3443,2643,648
Indiana Wesleyan University,3441,3274,1437
Pennsylvania State University-Penn State Erie-Behrend College,3437,2890,1080
Drew University,3430,2656,400
Hamline University,3427,2247,536
Alfred University,3417,2385,535
Colby-Sawyer College,3400,2826,421
University of Wisconsin-Platteville,3399,3279,1754
Neumann University,3397,1879,503
SUNY College of Technology at Canton,3391,2653,780
Lindenwood University,3379,2240,1369
Westminster College,3378,2478,309
Norfolk State University,3373,2192,829
Roosevelt University,3370,2655,444
Henderson State University,3350,2084,704
Lander University,3349,1412,569
SUNY College at Old Westbury,3341,1939,410
Texas Wesleyan University,3336,998,273
Fisk University,3334,1323,226
Austin Peay State University,3332,2864,1522
Ohio Northern University,3325,2256,613
Missouri University of Science and Technology,3322,2729,1262
Sewanee-The University of the South,3285,1980,488
Carroll College,3279,1738,315
Ferrum College,3272,2425,569
Livingstone College,3270,2329,395
Cedarville University,3267,2418,781
Molloy College,3242,2356,501
Lincoln University of Pennsylvania,3240,1987,448
Point Park University,3237,2393,548
Catawba College,3226,1309,342
Pennsylvania State University-Penn State Abington,3221,2504,691
Susquehanna University,3217,2327,589
University of New Orleans,3197,1610,860
University of South Florida-St Petersburg,3195,1406,562
Cooper Union for the Advancement of Science and Art,3193,247,186
Edinboro University of Pennsylvania,3187,2784,1191
Saint Leo University,3178,2435,645
Otterbein University,3176,2342,575
Hanover College,3174,2118,334
Columbus State University,3170,1757,1045
Rust College,3152,437,287
University of Wisconsin-Stout,3150,2812,1498
Saint Joseph's College-New York,3148,2373,547
Colorado State University-Pueblo,3147,2969,916
Austin College,3141,1841,364
Point Loma Nazarene University,3138,2088,647
University of Houston-Victoria,3128,1596,310
Armstrong Atlantic State University,3118,2182,1128
Bloomfield College,3115,1702,382
University of Houston-Downtown,3096,2944,1130
Mary Baldwin College,3089,2729,218
University of North Carolina at Pembroke,3087,2224,1020
Jacksonville State University,3083,2567,1158
Norwich University,3081,1956,599
University of Colorado Denver,3075,2333,991
Pittsburg State University,3073,2427,1144
St Catherine University,3071,1870,443
University of South Carolina-Upstate,3066,1969,806
Daemen College,3061,1489,411
University of North Carolina at Asheville,3036,1944,553
The Kingâ€™s College,3033,2158,127
Guilford College,3030,2066,407
Midwestern State University,3023,2170,847
California University of Pennsylvania,3022,2801,1154
Regis University,3006,2100,531
College of the Ozarks,3006,391,357
University of Michigan-Flint,3003,2345,724
Wilkes University,2998,2278,596
Randolph-Macon College,2997,1909,382
Caldwell College,2984,1912,330
Monmouth College,2973,1912,392
Coe College,2972,1834,390
McDaniel College,2942,2232,453
Wagner College,2942,2056,430
Mercyhurst University,2938,2214,600
University of Evansville,2935,2468,543
Wesley College,2933,1833,556
Barton College,2933,1225,217
Ashland University,2931,2180,623
Savannah State University,2922,2425,1301
Mars Hill University,2899,1869,419
Saint Ambrose University,2897,2786,562
Corban University,2896,934,222
Reed College,2893,1404,354
Carroll University,2868,2327,700
Trine University,2867,2052,421
Marshall University,2866,2255,1858
Hampshire College,2856,1819,361
Western Oregon University,2848,2512,1026
Central College,2842,1870,309
Illinois Institute of Technology,2840,1618,465
Messiah College,2836,1869,648
Tusculum College,2825,2041,310
St Francis College,2815,1811,568
Northwestern State University of Louisiana,2812,2362,1231
Fairmont State University,2799,1861,757
Pennsylvania State University-Penn State Harrisburg,2792,2232,628
Aquinas College,2789,1990,391
King's College,2780,1988,500
Oregon Institute of Technology,2778,1982,363
Paine College,2771,1213,268
SUNY College of Agriculture and Technology at Cobleskill,2765,2021,781
St Bonaventure University,2754,2203,438
Anderson University,2734,1516,444
Oakwood University,2728,937,409
Voorhees College,2726,1377,146
Southern Arkansas University Main Campus,2720,1654,663
Wofford College,2718,1870,415
Lawrence University,2710,1970,395
Bryn Mawr College,2708,1081,365
Elmhurst College,2702,1940,506
Alma College,2699,1833,376
Spring Arbor University,2698,1755,368
Concord University,2698,1233,529
Lynn University,2697,2093,456
Morehouse College,2690,1798,488
Dowling College,2675,2094,388
Bethel University,2669,1362,637
Brigham Young University-Hawaii,2664,960,516
Tougaloo College,2661,945,153
Knox College,2660,1994,380
University of Mount Union,2660,1894,552
Adams State University,2658,1398,519
Pacific University,2658,2291,421
Ohio Dominican University,2652,1310,239
Campbellsville University,2649,1813,525
University of Minnesota-Morris,2649,1527,469
Dallas Baptist University,2631,1113,492
DeSales University,2624,1989,416
Hampden-Sydney College,2623,1439,293
University of South Carolina-Aiken,2620,1342,526
Southern Oregon University,2615,1910,673
Lesley University,2605,1758,316
University of Wisconsin-River Falls,2602,2254,1119
Angelo State University,2599,2092,1220
Purdue University-Calumet Campus,2591,1571,827
University of Nebraska at Kearney,2589,2197,1022
Whitman College,2586,1473,392
Rockhurst University,2576,1943,438
Pennsylvania State University-Penn State Berks,2570,2135,814
Fort Lewis College,2560,2240,876
Illinois College,2560,1569,270
Saint Augustine's University,2560,1725,327
Citadel Military College of South Carolina,2557,2056,676
Andrews University,2551,957,388
University of North Alabama,2542,2057,970
Hiram College,2542,1458,290
Aurora University,2536,1926,646
Southwestern Oklahoma State University,2536,2289,913
Centre College,2533,1737,377
Kalamazoo College,2528,1691,454
University of the Cumberlands,2527,1801,488
University of Wisconsin-Green Bay,2520,2136,921
Thiel College,2519,1650,303
Fort Hays State University,2511,2239,1063
Concordia University-Wisconsin,2510,1755,580
Nichols College,2499,2011,414
College of Saint Elizabeth,2496,1207,124
Concordia College at Moorhead,2493,1994,684
Notre Dame College,2468,2227,338
Westminster College,2461,1850,449
University of Washington-Bothell Campus,2459,1861,573
Indiana University-South Bend,2456,1720,921
Emporia State University,2452,1488,696
Bacone College,2445,1756,249
Cazenovia College,2440,1902,345
George Fox University,2431,1830,624
Limestone College,2424,1290,451
College of Mount Saint Vincent,2416,1766,386
Seton Hill University,2414,1574,386
Fisher College,2412,1513,239
Nicholls State University,2404,2090,1243
Scripps College,2378,849,272
Mount Ida College,2371,1438,307
Averett University,2356,1491,241
Cornerstone University,2349,1599,362
Newman University,2348,1050,165
Oklahoma Wesleyan University,2335,1152,187
Elmira College,2324,1854,324
Dominican University of California,2322,1800,305
Mount St Mary's College,2316,1716,559
Nebraska Wesleyan University,2315,1780,378
Southern Adventist University,2313,885,490
Brevard College,2299,1032,245
Belhaven University,2280,1104,281
Wartburg College,2268,1761,451
Alcorn State University,2265,1878,575
The University of Findlay,2260,1544,581
Beloit College,2253,1525,300
Castleton State College,2251,2072,480
Eastern New Mexico University-Main Campus,2245,1419,659
The Sage Colleges,2237,1267,297
Springfield College,2231,1560,513
Juniata College,2227,1650,391
Franklin College,2221,1333,296
Wells College,2214,1321,161
Cornell College,2204,1413,261
West Virginia State University,2202,986,418
Belmont Abbey College,2197,1485,283
Maryville College,2196,1594,349
Manchester University,2195,1562,359
Anderson University,2190,1424,502
Harding University,2180,1663,1041
Southwest Baptist University,2179,1966,482
West Liberty University,2175,1549,501
Milwaukee School of Engineering,2167,1482,544
Sarah Lawrence College,2165,1335,344
Missouri Valley College,2164,480,415
Brenau University,2160,1691,206
Westmont College,2145,1505,298
Kettering University,2140,1318,372
Linfield College-McMinnville Campus,2139,1972,449
Cabrini College,2127,1580,304
Misericordia University,2125,1379,435
Southeastern University,2124,1260,865
Bethel University,2118,2009,612
Mount Olive College,2117,1054,333
Benedictine University,2108,1465,635
The University of Texas at Tyler,2104,1726,704
Pacific Union College,2103,1063,335
Indiana University-Southeast,2097,1666,1026
Hardin-Simmons University,2091,786,415
Saint Norbert College,2088,1711,539
Marymount University,2082,1718,400
Anna Maria College,2081,1614,243
College of Saint Benedict,2077,1569,538
Southwest Minnesota State University,2076,1359,453
Augsburg College,2072,1261,380
Clarion University of Pennsylvania,2071,1936,1072
Marian University,2064,1196,338
Southwestern Assemblies of God University,2057,717,344
Concordia University-Irvine,2055,1874,373
University of Alabama in Huntsville,2054,1656,651
Clayton  State University,2046,976,545
Culver-Stockton College,2040,1209,220
Saint Vincent College,2035,1399,472
Mansfield University of Pennsylvania,2023,1867,629
Shepherd University,2023,1639,756
Marywood University,2021,1441,407
Virginia Military Institute,2012,952,502
Muskingum University,2001,1520,405
Johnson & Wales University-Denver,1998,1568,333
Olivet College,1995,1027,301
St Mary's College of Maryland,1985,1430,419
Oklahoma Christian University,1984,1254,533
Graceland University-Lamoni,1981,994,326
Waynesburg University,1962,1476,410
Wheaton College,1959,1346,598
Auburn University at Montgomery,1958,1639,579
SUNY Institute of Technology at Utica-Rome,1954,929,274
Queens University of Charlotte,1949,1498,316
University of Northwestern-St Paul,1945,1345,466
Christian Brothers University,1943,922,254
Mississippi College,1936,1303,598
Union University,1932,1432,452
Birmingham Southern College,1931,1240,356
Hendrix College,1928,1550,436
American International College,1928,1307,346
Notre Dame de Namur University,1922,1676,172
University of Saint Francis-Fort Wayne,1908,1023,388
Edward Waters College,1907,521,208
Millsaps College,1901,902,171
University of Wisconsin-Parkside,1896,1431,712
Delaware Valley College,1895,1295,416
Earlham College,1890,1204,254
Franciscan University of Steubenville,1889,1437,460
Northeastern State University,1889,1386,847
Loras College,1873,1293,414
Rogers State University,1864,1015,785
St Thomas Aquinas College,1841,1514,337
Shenandoah University,1833,1550,459
Chestnut Hill College,1829,1058,192
Mills College,1827,1242,217
Doane College-Crete,1822,1307,287
Eastern University,1821,1167,459
Lawrence Technological University,1819,794,341
The College of Saint Scholastica,1810,1315,432
LeTourneau University,1810,736,335
University of Pikeville,1804,1804,386
Alvernia University,1792,1391,389
Concordia University-Portland,1790,1001,217
Bluffton University,1784,947,250
North Greenville University,1782,1032,505
Huston-Tillotson University,1778,816,211
Indiana University-Northwest,1773,1352,830
Meredith College,1762,1098,415
West Virginia Wesleyan College,1762,1356,471
University of Missouri-St Louis,1755,1302,482
Lees-McRae College,1751,1164,226
Saint Johns University,1747,1313,497
Ouachita Baptist University,1740,1220,394
Lycoming College,1737,1244,347
Webster University,1736,1008,418
Bethany College,1736,859,185
Georgetown College,1735,1426,238
Texas Lutheran University,1734,882,346
Touro College,1732,1016,859
Missouri Southern State University,1726,1679,808
Greenville College,1723,1132,277
Viterbo University,1711,1208,304
University of St Francis,1706,877,237
Defiance College,1704,1220,241
Embry-Riddle Aeronautical University-Prescott,1689,1334,448
Southern Polytechnic State University,1689,1317,797
Massachusetts College of Liberal Arts,1689,1135,313
Lee University,1689,1548,812
Hood College,1686,1366,281
Michigan Jewish Institute,1683,1651,854
Concordia University-Texas,1680,787,192
Saint Francis University,1679,1277,403
Midland University,1676,1145,367
Geneva College,1670,1136,334
Emory & Henry College,1663,1093,267
Pfeiffer University,1662,1597,218
Immaculata University,1650,1314,247
Presbyterian College,1650,1089,296
LaGrange College,1648,962,271
Walsh University,1640,1265,493
Purdue University-North Central Campus,1639,1183,653
Saint Josephs College,1639,1052,273
Bennett College,1639,1354,194
University of Maine at Farmington,1638,1371,439
Sul Ross State University,1638,855,310
Taylor University,1637,1434,459
Moravian College,1636,1308,356
North Carolina Wesleyan College,1634,764,222
University of Hawaii at Hilo,1633,1228,461
Avila University,1629,995,182
Berea College,1620,551,397
Palm Beach Atlantic University,1618,1361,587
McKendree University,1617,1017,387
Ave Maria University,1611,960,254
Shorter University,1597,1087,309
Maryville University of Saint Louis,1595,1214,409
Dominican College of Blauvelt,1594,1146,286
Howard Payne University,1585,853,347
The Evergreen State College,1583,1537,509
Husson University,1581,1263,444
Saint Joseph's College of Maine,1580,1229,290
Yeshiva University,1575,1294,857
Wheelock College,1570,1149,217
University of Pittsburgh-Johnstown,1570,1419,772
Felician College,1567,1382,153
Converse College,1565,814,237
Southern University at New Orleans,1563,764,684
The College of New Rochelle,1554,885,532
Saint Mary's University of Minnesota,1551,1161,318
Mount Aloysius College,1546,1063,379
SUNY College of Environmental Science and Forestry,1538,777,288
Wilberforce University,1534,895,69
Saint Mary's College,1529,1310,437
Hastings College,1529,1126,345
Western State Colorado University,1514,1411,473
Medaille College,1505,817,443
Eastern Oregon University,1503,1007,426
Vanguard University of Southern California,1495,1043,392
Trinity Washington University,1493,781,276
La Roche College,1488,828,229
SUNY Empire State College,1484,1195,433
Lake Superior State University,1481,1360,418
Huntingdon College,1470,923,261
University of Illinois at Springfield,1469,878,316
University of Dubuque,1457,1128,447
Washington Adventist University,1455,476,134
Ohio Christian University,1455,1413,719
University of Arkansas at Little Rock,1443,761,667
Oklahoma City University,1442,1038,351
William Jewell College,1433,828,259
Union College,1424,1056,242
Siena Heights University,1422,962,300
Westminster College,1420,1021,261
Oral Roberts University,1417,617,399
Buena Vista University,1409,980,269
Rocky Mountain College,1396,933,238
McMurry University,1396,827,250
University of South Carolina-Beaufort,1387,1013,410
University of Montevallo,1385,1209,531
Davenport University,1385,1270,581
University of Sioux Falls,1385,1342,237
Evangel University,1379,886,460
New College of Florida,1376,834,222
Keuka College,1375,1207,228
Concordia University-Saint Paul,1359,712,287
Concordia College-New York,1358,910,153
Dordt College,1355,1022,381
Lyndon State College,1354,1345,365
Holy Family University,1350,1024,297
Nevada State College,1344,677,322
Agnes Scott College,1340,896,254
Malone University,1333,957,316
Pennsylvania State University-Penn State York,1329,1123,300
Transylvania University,1326,1275,294
Southwestern Adventist University,1326,715,172
Ripon College,1320,992,238
Iowa Wesleyan College,1319,793,103
Greensboro College,1314,1029,200
University of Charleston,1312,906,272
Lyon College,1309,772,174
Lourdes University,1307,906,227
Simpson College,1302,1146,377
Concordia University-Nebraska,1299,929,282
Edgewood College,1297,993,298
Union College,1287,673,178
Central Methodist University-College of Liberal Arts and Sciences,1285,836,291
SUNY Maritime College,1279,818,331
Mount Vernon Nazarene University,1279,812,302
Pennsylvania State University-Penn State Brandywine,1279,1011,368
Georgian Court University,1276,994,275
Mississippi University for Women,1274,554,184
Coker College,1273,678,247
Warner University,1264,427,179
University of Pittsburgh-Greensburg,1262,1175,394
Wheeling Jesuit University,1258,867,238
Toccoa Falls College,1253,619,178
Clarke University,1250,969,181
Georgia Southwestern State University,1245,847,376
Bethel College-Indiana,1242,889,250
Le Moyne-Owen College,1242,290,190
Regent University,1238,1054,231
Gwynedd Mercy University,1232,812,211
Upper Iowa University,1229,715,218
Northwest Nazarene University,1227,757,261
University of Dallas,1224,1103,380
Northwestern College,1221,929,284
Indiana University-East,1219,656,404
Warren Wilson College,1214,845,220
Asbury University,1211,796,322
University of Great Falls,1206,877,151
Glenville State College,1198,892,315
University of Washington-Tacoma Campus,1198,1021,410
College of Mount St Joseph,1197,1048,324
Colorado Christian University,1186,1158,447
Pennsylvania State University-Penn State Hazleton,1179,1018,433
Rochester College,1171,769,149
D'Youville College,1171,926,258
Mitchell College,1162,670,178
Lake Erie College,1158,644,205
Northern State University,1157,1080,410
Bryan College-Dayton,1151,433,187
Concordia University-Ann Arbor,1150,618,188
Augustana College,1147,781,367
John Brown University,1143,798,305
Bethany College,1139,670,184
Bennington College,1130,733,140
Covenant College,1129,644,268
Bluefield State College,1125,480,306
Keystone College,1120,807,321
The College of Idaho,1116,1010,292
Reinhardt University,1111,571,396
Lincoln College,1101,963,371
Spalding University,1094,887,402
Madonna University,1089,667,191
New Mexico Institute of Mining and Technology,1088,450,318
University of Jamestown,1088,619,261
William Peace University,1083,984,328
Louisiana State University-Alexandria,1080,656,391
Quincy University,1078,955,275
Drury University,1076,871,325
Rockford University,1074,440,113
Thomas College,1074,778,269
Eastern Mennonite University,1073,698,232
Indiana University-Kokomo,1066,784,508
Cedar Crest College,1063,625,141
University of the Ozarks,1061,651,159
Northland College,1058,625,140
Randolph College,1056,881,216
Thomas More College,1053,924,264
Walla Walla University,1051,976,393
Crown College,1049,577,210
Freed-Hardeman University,1042,959,356
Bluefield College,1042,597,118
Centenary College,1038,944,216
West Virginia University Institute of Technology,1033,530,199
MacMurray College,1027,769,120
Davis & Elkins College,1022,586,269
Marian University,1021,772,251
Rosemont College,1014,592,112
MidAmerica Nazarene University,1012,731,198
The University of Texas of the Permian Basin,1007,846,276
Kentucky Wesleyan College,1006,675,163
Southeastern Oklahoma State University,1001,800,538
College of Our Lady of the Elms,993,744,198
Lincoln Memorial University,975,682,191
The University of Virginia's College at Wise,972,724,335
Paul Smiths College of Arts and Science,970,725,240
East Central University,968,950,612
Eureka College,960,651,138
Minot State University,959,543,397
Black Hills State University,957,854,619
Warner Pacific College,948,500,85
University of Mary,945,785,440
Webber International University,944,602,207
Eastern Nazarene College,941,525,165
University of Wisconsin-Superior,941,840,366
University of Pittsburgh-Bradford,940,802,379
Point University,934,500,238
King University,933,595,210
Trevecca Nazarene University,930,718,259
Marygrove College,916,859,182
Chaminade University of Honolulu,914,764,267
Rivier University,914,816,223
Pennsylvania State University-Penn State Lehigh Valley,909,777,225
University of Hawaii-West Oahu,908,694,301
Bay Path College,908,523,135
Sweet Briar College,905,763,197
Louisiana College,904,671,266
Ohio Valley University,904,329,91
St Andrews University,898,579,178
William Woods University,897,674,208
Schreiner University,894,828,299
California Maritime Academy,893,668,198
Northwestern Oklahoma State University,888,531,437
Newberry College,887,524,238
Lakeland College,885,586,218
Sterling College,883,389,169
Woodbury University,879,490,118
Emmanuel College,876,419,156
Finlandia University,872,513,109
Baker University,870,756,235
Wisconsin Lutheran College,870,553,229
University of Mobile,866,617,259
Hilbert College,865,703,191
Johnson State College,864,837,225
Lewis-Clark State College,861,859,475
University of Saint Joseph,860,737,153
Oklahoma Panhandle State University,858,409,289
Bethel College-North Newton,854,550,123
Salem College,854,497,174
Piedmont College,850,520,255
The Master's College and Seminary,849,521,209
Missouri Baptist University,840,512,265
Notre Dame of Maryland University,838,416,104
Vaughn College of Aeronautics and Technology,837,645,324
William Penn University,836,482,264
Texas A & M University-Texarkana,830,309,187
Pennsylvania State University-Penn State Mont Alto,827,684,325
Hollins University,824,571,148
Roberts Wesleyan College,814,591,206
Life University,809,603,212
Grand View University,807,770,298
Houghton College,807,735,223
Cumberland University,795,376,212
Maine Maritime Academy,791,517,225
Tennessee Wesleyan College,791,564,208
Massachusetts Maritime Academy,787,608,300
Huntington University,784,763,227
Stephens College,783,529,168
Lubbock Christian University,783,743,255
University of St Thomas,782,604,237
Dakota State University,781,648,318
Wesleyan College,779,338,117
Green Mountain College,773,584,136
William Carey University,771,376,182
Goshen College,770,424,167
University of Saint Mary,767,361,109
Southern Virginia University,763,762,226
University of Minnesota-Crookston,762,527,213
Erskine College,750,523,194
Judson University,737,521,201
Friends University,737,432,184
St Thomas University,727,332,210
Pennsylvania State University-Penn State Worthington Scranton,722,591,282
Holy Cross College,715,517,157
East Texas Baptist University,709,522,345
Fresno Pacific University,705,553,212
Hannibal-LaGrange University,703,479,173
Nyack College,700,677,264
Montreat College,700,380,109
Pennsylvania State University-Penn State Greater Allegheny,699,558,201
Southern Wesleyan University,698,654,158
University of Baltimore,695,507,251
Pennsylvania State University-Penn State Schuylkill,693,562,248
Albertus Magnus College,689,470,132
Kansas Wesleyan University,689,370,151
Fontbonne University,676,441,160
Centenary College of Louisiana,670,442,128
Pennsylvania State University-Penn State Beaver,670,585,208
Carlow University,669,637,206
Metropolitan College of New York,667,366,113
Dakota Wesleyan University,665,467,168
Park University,663,639,205
Central Christian College of Kansas,662,334,131
Saint Martin's University,653,572,159
Oakland City University,652,475,108
McPherson College,642,556,170
Paul Quinn College,632,623,70
Milligan College,612,418,206
Pennsylvania State University-Penn State Fayette- Eberly,610,544,224
Cairn University-Langhorne,610,313,155
Saint Gregory's University,602,570,127
University of Science and Arts of Oklahoma,594,371,150
Chatham University,594,361,92
Kentucky Christian University,590,303,135
Montana Tech of the University of Montana,586,521,262
Blue Mountain College,585,326,83
Trinity Christian College,583,526,205
Alverno College,582,459,208
Wayland Baptist University,581,573,348
Cardinal Stritch University,577,486,202
Simpson University,573,318,150
Vermont Technical College,568,469,194
San Diego Christian College,561,276,99
Holy Names University,561,318,87
York College,546,267,94
Calumet College of Saint Joseph,545,218,192
Mount Mercy University,542,371,154
Central Baptist College,540,292,129
Louisiana State University-Shreveport,539,450,345
Pine Manor College,535,343,119
Williams Baptist College,531,361,156
Bethany Lutheran College,531,396,147
Blackburn College,528,359,116
Gallaudet University,520,341,201
Unity College,519,461,146
Tabor College,517,380,159
North Central University,501,477,246
Alaska Pacific University,494,185,33
Mount Mary University,478,258,115
Pennsylvania State University-Penn State New Kensington,477,352,154
Brewton-Parker College,475,244,150
Delta State University,472,422,343
Pennsylvania State University-Penn State Wilkes-Barre,472,387,148
Truett-McConnell College,470,379,204
Clearwater Christian College,468,328,126
Northwest University,465,452,218
University of Maine at Fort Kent,464,292,162
University of West Alabama,462,460,380
Mid-Continent University,458,322,201
Columbia College,457,297,128
College of the Atlantic,452,333,104
University of Maine at Machias,452,386,104
Valley Forge Christian College,451,297,148
Wilson College,450,237,76
Trinity International University-Illinois,446,418,182
Midway College,446,240,115
Ursuline College,441,255,103
Pennsylvania State University-Penn State Dubois,439,386,183
Southwestern College,436,391,128
Soka University of America,422,183,112
Dickinson State University,417,203,165
Maranatha Baptist University,417,298,210
Hope International University,408,191,78
Southwestern Christian University,405,358,254
Mount Marty College,402,291,117
Presentation College,401,265,131
Prescott College,399,291,49
Bryn Athyn College of the New Church,396,205,81
University of South Florida-Sarasota-Manatee,393,136,86
Florida College,383,225,196
Montana State University-Northern,376,376,200
Grace Bible College,346,259,136
Valley City State University,345,286,186
Arizona Christian University,344,209,90
St John's College,342,277,126
Southern Vermont College,336,334,93
College of Saint Mary,335,191,89
Saint Mary-of-the-Woods College,325,317,64
Northwest Christian University,318,224,82
Metropolitan State University,306,306,100
Columbia International University,302,189,103
Trinity Lutheran College,282,270,57
Judson College,268,198,68
Ottawa University-Ottawa,267,264,145
Grace University,260,152,96
Marlboro College,232,176,47
Pennsylvania State University-Penn State Shenango,229,159,90
Virginia Intermont College,226,218,45
Hodges University,221,183,170
Bard College at Simon's Rock,218,201,145
Martin Luther College,209,201,164
St John's College,205,169,84
San Diego State University-Imperial Valley Campus,201,122,101
Burlington College,199,165,45
University of New Hampshire at Manchester,193,141,94
College of St Joseph,183,125,33
Thomas Aquinas College,178,141,88
Silver Lake College of the Holy Family,170,102,40
Mid-Atlantic Christian University,168,69,37
Our Lady of Holy Cross College,163,79,59
Thomas University,153,105,66
Kuyper College,152,104,37
Beacon College,139,90,41
Alliant International University,128,63,28
Providence Christian College,122,65,20
Aquinas College,119,62,36
American Jewish University,100,59,23
National Louis University,84,83,25
Coleman University,82,82,60
Naropa University,79,63,38
Maharishi University of Management,74,31,19
Remington College-Tampa Campus,67,54,41
Everglades University,67,61,53
Remington College-Honolulu Campus,63,48,43
Carlos Albizu University-Miami,58,21,16
Sterling College,49,46,20
Antioch University-Seattle,42,33,30
Marylhurst University,36,14,8
Brandman University,34,34,24
Trine University-Regional/Non-Traditional Campuses,33,10,7
Shimer College,28,8,8
Goddard College,4,4,2
